{
  "total_documents": 50,
  "refined_documents": 34,
  "llm_fallback_rate": 0.0,
  "average_uncertainty": {
    "alignment": 0.6018849968910217,
    "clarity": 0.7133273816108704,
    "implementability": 0.6578061711788178,
    "novelty": 0.5622496366500854,
    "relevance": 0.5852773916721344
  },
  "dimension_refinement_rate": {
    "alignment": 0.1,
    "clarity": 0.62,
    "implementability": 0.26,
    "novelty": 0.02,
    "relevance": 0.04
  }
}